fname,Electronic,Experimental,Folk,Hip-Hop,Instrumental,International,Pop,Rock,y_pred
Eivør_Í Tokuni.wav,0.06342007219791412,0.0835568979382515,0.058186810463666916,0.24673961102962494,0.016171304509043694,0.11236903071403503,0.1305335909128189,0.28902265429496765,Rock
Worakls_Detached Motion.wav,0.025474265217781067,0.047827690839767456,0.1522955447435379,0.11270132660865784,0.04049905389547348,0.06118625029921532,0.04264826700091362,0.5173673033714294,Rock
Worakls_Nocturne.wav,0.11943018436431885,0.04742499813437462,0.04339330270886421,0.10257107764482498,0.10196935385465622,0.14390264451503754,0.08810622245073318,0.35320231318473816,Rock
Worakls_Salzburg.wav,0.2021913230419159,0.05041958764195442,0.03327697142958641,0.2562742233276367,0.000979205477051437,0.055490028113126755,0.13388694822788239,0.2674817442893982,Rock
xxyyxx_About You.wav,0.26018160581588745,0.03702690452337265,0.042378056794404984,0.17395848035812378,0.0008828109712339938,0.01219008769840002,0.32563748955726624,0.14774459600448608,Pop
