fname,Electronic,Experimental,Folk,Hip-Hop,Instrumental,International,Pop,Rock,y_pred
TOOL_Lateralus.wav,0.1201561763882637,0.0433778315782547,0.0376875065267086,0.12097074836492538,0.025002719834446907,0.09664939343929291,0.1350146234035492,0.4211409389972687,Rock
Worakls_Detached Motion.wav,0.025474265217781067,0.047827690839767456,0.1522955447435379,0.11270132660865784,0.04049905389547348,0.06118625029921532,0.04264826700091362,0.5173673033714294,Rock
Worakls_Salzburg.wav,0.2021913230419159,0.05041958764195442,0.03327697142958641,0.2562742233276367,0.000979205477051437,0.055490028113126755,0.13388694822788239,0.2674817442893982,Rock