fname,Electronic,Experimental,Folk,Hip-Hop,Instrumental,International,Pop,Rock,y_pred
believer.wav,0.07480932027101517,0.14653275907039642,0.09773088246583939,0.26508501172065735,0.02299877069890499,0.08562587201595306,0.14052115380764008,0.16669639945030212,Hip-Hop
1.wav,0.06411097198724747,0.05750369280576706,0.04430265352129936,0.539428174495697,0.012349609285593033,0.1080266535282135,0.10934275388717651,0.06493565440177917,Hip-Hop
