fname,Electronic,Experimental,Folk,Hip-Hop,Instrumental,International,Pop,Rock,y_pred
65daysofstatic_65 Doesn't Understand You.wav,0.3790830671787262,0.25455597043037415,0.0029993911739438772,0.02472483552992344,1.1164314855705015e-05,0.007121330127120018,0.047015246003866196,0.2844890356063843,Electronic
Crystal Castles_Crimewave.wav,0.24712741374969482,0.155525341629982,0.061017245054244995,0.30277904868125916,0.0005080498522147536,0.06605260819196701,0.1297615021467209,0.03722892701625824,Hip-Hop
Eivør_Í Tokuni.wav,0.06342007219791412,0.0835568979382515,0.058186810463666916,0.24673961102962494,0.016171304509043694,0.11236903071403503,0.1305335909128189,0.28902265429496765,Rock
I Am Waiting for You Last Summer_Undercover.wav,0.18283887207508087,0.04357177019119263,0.08070436120033264,0.14272725582122803,0.008898718282580376,0.042312610894441605,0.22527071833610535,0.2736755609512329,Rock
