fname,Electronic,Experimental,Folk,Hip-Hop,Instrumental,International,Pop,Rock,y_pred
"Antonio Vivaldi_The Four Seasons, Violin Concerto No. 1 in E Major, RV 269  Spring   I. Allegro.wav",0.025573886930942535,0.1545678973197937,0.09090796113014221,0.14876729249954224,0.057820167392492294,0.27603408694267273,0.14467820525169373,0.10165057331323624,International
TOOL_Disposition.wav,0.002930785994976759,0.15908373892307281,0.07254447042942047,0.034897010773420334,0.008867975324392319,0.10453853756189346,0.1837281435728073,0.43340930342674255,Rock
TOOL_Lateralus.wav,0.1201561763882637,0.0433778315782547,0.0376875065267086,0.12097074836492538,0.025002719834446907,0.09664939343929291,0.1350146234035492,0.4211409389972687,Rock
Worakls_Detached Motion.wav,0.025474265217781067,0.047827690839767456,0.1522955447435379,0.11270132660865784,0.04049905389547348,0.06118625029921532,0.04264826700091362,0.5173673033714294,Rock
Worakls_Salzburg.wav,0.2021913230419159,0.05041958764195442,0.03327697142958641,0.2562742233276367,0.000979205477051437,0.055490028113126755,0.13388694822788239,0.2674817442893982,Rock
