fname,Electronic,Experimental,Folk,Hip-Hop,Instrumental,International,Pop,Rock,y_pred
believer.wav,0.07480932027101517,0.14653275907039642,0.09773088246583939,0.26508501172065735,0.02299877069890499,0.08562587201595306,0.14052115380764008,0.16669639945030212,Hip-Hop
