fname,Electronic,Experimental,Folk,Hip-Hop,Instrumental,International,Pop,Rock,y_pred
Linked.wav,0.21903084218502045,0.18091483414173126,0.09469285607337952,0.22445622086524963,0.029389476403594017,0.059526849538087845,0.10849080234766006,0.08349805325269699,Hip-Hop
